Zaman,Move_G0,Move_G1,Move_G2,Move_G3,Move_G4,Move_G5,Move_G6,Move_G7,Stat_G0,Stat_G1,Stat_G2,Stat_G3,Stat_G4,Stat_G5,Stat_G6,Stat_G7,Sicaklik,Nem,CO2,CO2_Egimi,Gercek_Kisi_Sayisi,Hedef_Klima_Gucu,Aktif_Klima
2026-10-09 13:42:30,0,6,6,3,0,0,0,25,0,0,9,0,0,4,0,82,22.992,39.91,449,0.38,1,1,0
2026-10-09 13:42:31,40,3,1,0,3,0,0,1,52,0,0,0,9,3,8,0,22.984,40.02,450,0.75,1,1,0
2026-10-09 13:42:32,42,0,1,7,8,3,0,0,49,12,3,0,0,0,0,2,23.035,40.42,458,1.12,1,1,0
2026-10-09 13:42:33,0,0,25,1,0,2,5,2,0,0,74,12,6,0,1,0,23.03,40.25,453,1.9,2,1,0
2026-10-09 13:42:34,0,21,2,0,0,0,0,2,15,32,3,4,12,2,0,0,23.003,40.36,450,2.67,2,1,0
2026-10-09 13:42:35,2,0,0,0,0,0,2,35,0,0,0,0,0,0,13,71,23.039,40.51,452,3.45,2,1,0
2026-10-09 13:42:36,1,62,1,0,0,0,0,1,0,51,0,0,0,0,1,0,22.972,40.46,454,4.62,3,1,0
2026-10-09 13:42:37,3,4,0,5,7,0,11,42,8,8,0,0,3,4,11,50,23.052,39.88,456,5.79,3,1,0
2026-10-09 13:42:38,4,4,0,0,0,3,42,0,0,0,17,3,0,1,43,0,23.059,40.48,456,6.96,3,1,0
2026-10-09 13:42:39,0,1,29,41,0,5,0,0,11,4,60,45,0,2,9,0,23.041,40.26,452,8.16,4,1,0
2026-10-09 13:42:40,40,7,5,10,49,0,0,2,41,2,0,0,51,0,0,0,23.058,40.06,456,9.36,4,1,0
2026-10-09 13:42:41,0,7,3,29,1,0,23,0,0,5,1,84,0,0,66,0,23.091,40.14,461,10.55,4,1,0
2026-10-09 13:42:42,34,1,0,4,4,2,0,27,59,12,0,14,0,0,0,85,23.034,39.84,464,11.75,5,1,0
2026-10-09 13:42:43,32,3,0,2,3,40,8,1,56,2,0,0,14,58,0,0,22.996,40.22,464,12.94,5,1,0
2026-10-09 13:42:44,45,0,27,3,0,3,0,1,62,15,66,1,0,6,2,0,23.005,41.05,473,14.13,5,1,0
2026-10-09 13:42:45,0,1,34,0,0,0,29,0,8,6,60,8,11,0,35,0,22.966,40.9,467,15.33,6,1,0
2026-10-09 13:42:46,54,0,36,3,3,0,0,0,58,0,51,1,0,1,11,0,23.012,40.09,474,16.52,6,1,0
2026-10-09 13:42:47,9,0,2,37,51,0,0,6,0,19,0,63,76,0,6,6,22.98,41.03,475,17.71,6,1,0
2026-10-09 13:42:48,0,0,0,0,0,0,45,55,0,0,4,0,12,0,83,80,23.06,40.75,472,18.9,7,1,0
2026-10-09 13:42:49,7,21,0,0,2,0,37,0,4,59,6,4,8,0,57,3,23.112,40.61,477,20.09,7,1,0
2026-10-09 13:42:50,4,0,5,56,34,0,0,0,0,5,11,42,79,11,0,0,23.003,40.91,482,21.28,7,1,0
2026-10-09 13:42:51,5,51,8,5,43,1,0,30,12,44,0,0,67,0,0,67,23.109,40.92,486,22.47,8,1,0
2026-10-09 13:42:52,0,11,0,16,61,60,0,48,0,0,0,4,58,43,0,61,23.077,40.44,490,23.66,8,1,0
2026-10-09 13:42:53,36,0,0,0,58,0,46,9,78,0,0,0,43,0,72,0,23.145,41.55,488,24.85,8,1,0
2026-10-09 13:42:54,42,6,2,48,29,2,0,0,80,7,0,73,68,7,6,0,23.107,40.97,496,26.04,9,2,0
2026-10-09 13:42:55,5,0,33,1,7,31,41,5,3,0,88,0,0,47,76,2,23.059,41.12,494,27.22,9,2,0
2026-10-09 13:42:56,27,0,0,3,0,0,46,44,69,9,0,5,0,7,46,92,23.115,41.54,501,28.41,9,2,0
2026-10-09 13:42:57,0,57,0,38,0,2,67,2,1,80,4,61,8,2,62,13,23.073,40.97,502,29.6,10,2,0
2026-10-09 13:42:58,45,53,0,51,0,7,0,0,40,57,0,60,0,0,9,0,23.046,41.44,515,30.78,10,2,0
2026-10-09 13:42:59,0,35,0,10,0,31,56,0,0,62,7,25,0,60,55,4,23.121,41.45,511,31.97,10,2,0
2026-10-09 13:43:00,0,0,0,0,49,21,37,1,0,10,3,10,54,100,74,0,23.029,41.52,525,33.15,11,2,0
2026-10-09 13:43:01,0,40,0,0,0,2,42,47,10,67,0,0,0,0,88,72,23.118,42.29,516,34.33,11,2,0
2026-10-09 13:43:02,0,2,53,0,50,9,11,70,0,3,56,0,79,5,0,79,23.142,42.16,528,35.52,11,2,0
2026-10-09 13:43:03,43,0,0,38,66,0,0,60,53,9,4,59,81,0,0,75,23.083,42.12,535,36.7,12,2,0
2026-10-09 13:43:04,8,57,0,46,58,0,40,1,0,72,6,69,64,0,86,0,23.082,42.48,540,37.88,12,2,0
2026-10-09 13:43:05,55,7,0,44,0,41,58,0,68,10,1,45,12,96,65,1,23.156,42.62,537,39.06,12,2,0
2026-10-09 13:43:06,39,50,3,53,0,0,0,35,84,69,0,96,0,0,0,81,23.255,42.33,549,40.24,13,2,0
2026-10-09 13:43:07,0,3,37,40,58,0,31,2,2,0,68,60,69,7,52,0,23.192,42.9,551,41.42,13,2,0
2026-10-09 13:43:08,0,53,0,4,0,45,61,41,4,81,5,4,0,91,79,75,23.156,42.4,560,42.6,13,2,0
2026-10-09 13:43:09,37,54,0,2,48,0,1,62,94,85,0,3,77,5,0,67,23.115,43.09,563,43.78,14,2,0
2026-10-09 13:43:10,50,0,0,72,60,0,42,0,82,0,0,77,84,8,76,0,23.083,42.96,571,44.96,14,2,0
2026-10-09 13:43:11,6,44,9,0,45,52,3,65,0,89,11,1,100,97,5,87,23.141,43.34,575,46.14,14,2,0
2026-10-09 13:43:12,77,66,48,39,0,0,0,70,87,82,81,91,4,0,0,76,23.157,43.17,579,47.31,15,2,0
2026-10-09 13:43:13,72,48,1,53,1,46,33,0,66,72,0,69,0,100,60,4,23.207,43.51,589,48.49,15,2,0
2026-10-09 13:43:14,0,65,0,71,66,4,48,41,0,92,0,45,76,3,59,85,23.234,43.25,591,49.66,15,2,0
2026-10-09 13:43:15,42,53,5,0,0,63,58,41,54,73,0,7,3,63,83,81,23.196,44.18,599,50.84,16,2,0
2026-10-09 13:43:16,54,66,2,0,54,52,62,5,70,99,0,0,78,70,78,18,23.226,43.95,607,52.01,16,2,0
2026-10-09 13:43:17,73,1,0,52,67,48,0,67,87,9,1,89,72,70,0,90,23.19,43.54,614,53.19,16,2,0
2026-10-09 13:43:18,48,5,64,72,0,1,58,64,80,8,84,76,0,10,87,85,23.213,44.34,618,54.36,17,2,0
2026-10-09 13:43:19,6,42,66,53,48,0,2,73,0,71,59,75,73,6,7,91,23.178,44.22,617,55.53,17,2,0
2026-10-09 13:43:20,58,2,4,42,54,67,7,53,94,0,3,84,99,59,14,98,23.302,44.68,630,56.71,17,2,0
2026-10-09 13:43:21,0,59,63,73,0,57,0,62,0,95,76,75,4,50,4,91,23.25,44.65,630,57.88,18,2,0
2026-10-09 13:43:22,65,55,63,49,65,3,5,0,74,66,100,100,100,6,9,6,23.239,44.88,646,59.05,18,2,0
2026-10-09 13:43:23,69,0,65,45,51,0,76,0,75,0,96,61,58,0,76,0,23.262,44.62,651,60.22,18,2,0
2026-10-09 13:43:24,50,52,57,0,66,6,44,63,76,89,62,0,47,5,100,95,23.306,45.33,661,61.39,19,2,0
2026-10-09 13:43:25,70,3,39,70,55,0,53,51,99,0,64,70,100,0,90,98,23.263,45.08,670,62.56,19,2,0
2026-10-09 13:43:26,73,68,79,0,63,0,72,56,70,88,92,0,58,0,94,100,23.374,45.76,671,63.73,19,2,0
2026-10-09 13:43:27,0,0,51,72,45,52,71,59,13,2,100,96,98,99,78,59,23.281,45.86,679,64.9,20,2,0
2026-10-09 13:43:28,0,0,83,49,71,56,65,59,0,1,97,84,69,84,71,100,23.394,45.8,690,66.06,20,2,0
2026-10-09 13:43:29,60,0,80,3,81,82,74,48,69,0,100,6,75,86,75,76,23.352,46.35,699,67.23,20,2,0
2026-10-09 13:43:30,4,69,61,70,71,50,4,67,0,80,100,91,59,88,13,57,23.364,47.01,701,68.4,21,2,0
2026-10-09 13:43:31,77,57,69,58,0,77,6,52,100,85,76,100,0,100,0,90,23.358,46.9,714,69.56,21,2,2
2026-10-09 13:43:32,81,62,66,74,46,44,0,4,99,51,95,97,73,63,2,4,23.398,46.81,721,70.73,21,2,2
2026-10-09 13:43:33,77,57,0,0,62,53,53,55,94,100,2,0,89,59,91,77,23.303,46.66,730,71.49,21,2,2
2026-10-09 13:43:34,80,60,77,0,85,69,59,4,97,65,66,0,98,90,74,0,23.302,47.03,742,72.26,21,2,2
2026-10-09 13:43:35,1,54,45,60,39,81,41,3,0,79,89,100,100,72,100,0,23.365,46.96,748,73.02,21,2,2
2026-10-09 13:43:36,1,56,57,91,47,52,0,80,0,100,55,100,72,83,0,100,23.438,47.23,756,73.38,21,2,2
2026-10-09 13:43:37,0,69,54,71,0,73,48,68,0,70,61,82,9,84,58,86,23.284,46.82,764,73.75,21,2,2
2026-10-09 13:43:38,75,74,58,47,85,1,0,59,57,100,90,79,93,7,8,90,23.368,48.01,769,74.11,21,2,2
2026-10-09 13:43:39,61,52,0,72,1,68,71,77,75,100,6,85,9,80,97,68,23.38,47.45,777,74.07,21,2,2
2026-10-09 13:43:40,46,59,58,9,67,62,56,5,97,66,74,15,93,82,75,2,23.332,47.57,787,74.04,21,2,2
2026-10-09 13:43:41,46,0,53,3,68,61,56,77,89,0,100,2,95,91,77,90,23.392,47.79,792,74.0,21,2,2
2026-10-09 13:43:42,76,43,39,6,47,48,59,2,67,67,98,0,100,100,98,0,23.416,47.64,804,73.96,21,2,2
2026-10-09 13:43:43,57,43,48,7,42,51,0,79,71,100,58,10,88,83,0,87,23.395,47.62,816,73.93,21,2,2
2026-10-09 13:43:44,66,4,75,60,51,0,81,74,74,0,59,100,69,0,50,75,23.312,47.6,818,73.89,21,2,2
2026-10-09 13:43:45,75,54,56,70,1,0,70,78,73,100,85,72,8,8,100,50,23.32,48.5,825,73.85,21,2,2
2026-10-09 13:43:46,74,71,47,1,3,74,48,46,95,100,89,0,0,74,81,100,23.263,48.33,836,73.81,21,2,2
2026-10-09 13:43:47,60,0,55,65,42,0,59,80,94,0,94,81,58,0,80,94,23.337,48.62,847,73.78,21,2,2
2026-10-09 13:43:48,3,65,67,60,62,0,59,64,0,58,53,74,100,0,90,83,23.424,48.05,851,73.74,21,2,2
2026-10-09 13:43:49,0,65,62,75,82,57,57,0,0,82,97,84,80,86,78,7,23.28,48.4,863,73.7,21,2,2
2026-10-09 13:43:50,78,0,59,71,82,50,1,69,92,11,91,90,70,92,0,54,23.287,48.78,864,73.67,21,2,2
2026-10-09 13:43:51,77,49,77,46,2,56,55,0,83,97,91,81,0,78,75,6,23.332,48.62,877,73.63,21,2,2
2026-10-09 13:43:52,0,78,88,57,1,58,48,88,0,88,69,85,1,86,64,100,23.277,49.22,888,73.59,21,2,2
2026-10-09 13:43:53,70,60,41,84,0,0,46,69,92,81,86,69,0,7,99,100,23.271,49.49,897,73.56,21,2,2
2026-10-09 13:43:54,8,45,49,0,50,67,50,61,0,96,97,0,70,96,60,100,23.334,49.2,903,73.52,21,2,2
2026-10-09 13:43:55,82,80,0,60,0,53,52,46,100,74,0,85,0,100,73,54,23.21,49.38,904,73.48,21,2,2
2026-10-09 13:43:56,0,55,58,0,40,66,66,75,0,95,91,9,91,100,77,100,23.26,48.87,923,73.45,21,2,2
2026-10-09 13:43:57,0,69,74,69,0,80,55,58,0,65,100,96,7,70,92,96,23.283,49.63,929,73.41,21,2,2
2026-10-09 13:43:58,68,77,62,47,0,0,41,54,88,86,83,96,2,1,100,76,23.259,49.63,932,73.37,21,2,2
2026-10-09 13:43:59,73,63,71,0,62,1,62,64,77,95,75,0,98,0,78,100,23.262,49.49,935,73.34,21,2,2
2026-10-09 13:44:00,55,46,60,0,73,0,72,70,95,91,100,2,92,0,86,100,23.229,49.5,951,73.3,21,2,2
2026-10-09 13:44:01,77,68,76,60,63,0,15,66,100,62,77,100,71,4,0,84,23.192,49.47,952,73.26,21,2,2
2026-10-09 13:44:02,72,63,67,73,61,62,0,4,63,81,100,84,95,100,0,0,23.259,50.25,968,73.23,21,2,2
2026-10-09 13:44:03,54,49,0,45,59,57,51,0,72,100,8,66,100,95,63,8,23.166,50.37,978,73.19,21,2,2
2026-10-09 13:44:04,51,45,65,72,0,60,0,72,79,100,66,100,0,67,0,89,23.194,50.48,979,73.15,21,2,2
2026-10-09 13:44:05,78,74,68,0,64,5,62,67,96,67,53,11,69,0,64,57,23.242,50.2,997,73.12,21,2,2
2026-10-09 13:44:06,64,48,53,64,69,0,7,47,100,81,72,80,100,0,11,83,23.174,50.63,997,73.08,21,2,2
2026-10-09 13:44:07,70,1,67,73,77,72,69,3,96,0,84,77,71,100,80,0,23.306,50.67,1010,73.04,21,2,2
2026-10-09 13:44:08,73,56,8,47,80,77,0,84,100,54,0,81,58,59,0,49,23.209,50.48,1017,73.01,21,2,2
2026-10-09 13:44:09,72,0,77,49,54,0,65,72,100,0,61,93,100,0,100,100,23.306,50.82,1025,72.97,21,2,2
2026-10-09 13:44:10,52,48,9,48,64,54,10,81,58,71,0,100,100,74,0,84,23.293,50.69,1032,72.93,21,2,2
2026-10-09 13:44:11,50,48,61,72,58,0,77,0,62,65,77,62,99,0,100,16,23.299,51.23,1041,72.9,21,2,2
2026-10-09 13:44:12,68,0,66,59,54,4,78,49,100,0,72,78,93,0,94,97,23.202,51.21,1054,72.86,21,2,2
2026-10-09 13:44:13,3,0,65,62,64,45,69,71,0,0,90,85,100,87,100,100,23.223,50.84,1052,72.82,21,2,2
2026-10-09 13:44:14,0,48,3,63,52,72,77,53,8,100,0,74,76,100,79,58,23.123,51.5,1067,72.79,21,2,2
2026-10-09 13:44:15,90,0,64,58,59,4,63,76,100,0,81,77,97,1,83,71,23.144,51.25,1072,73.15,22,2,2
2026-10-09 13:44:16,0,43,63,73,0,83,66,49,7,100,100,80,0,100,84,100,23.294,51.26,1085,73.52,22,2,2
2026-10-09 13:44:17,0,52,2,79,83,63,56,84,2,100,0,68,100,100,91,100,23.22,52.07,1091,73.88,22,2,2
2026-10-09 13:44:18,56,64,65,77,0,84,65,89,72,69,65,65,8,70,65,74,23.17,52.16,1098,74.64,23,2,2
2026-10-09 13:44:19,48,67,55,0,71,66,70,81,95,80,95,0,70,82,96,100,23.167,52.26,1112,75.4,23,2,2
2026-10-09 13:44:20,81,76,70,67,52,81,56,0,77,100,93,89,78,95,72,0,23.151,52.09,1114,76.17,23,2,2
2026-10-09 13:44:21,5,52,74,72,57,66,50,79,5,69,72,97,62,67,76,76,23.157,52.35,1120,77.33,24,2,2
2026-10-09 13:44:22,77,87,68,83,77,0,75,79,85,100,100,69,88,13,87,91,23.162,52.55,1137,78.49,24,2,2
2026-10-09 13:44:23,5,61,64,83,64,65,65,81,3,89,78,96,78,100,62,97,23.209,52.59,1146,79.65,24,2,2
2026-10-09 13:44:24,61,87,49,50,53,61,60,0,85,99,78,74,100,86,59,7,23.119,52.49,1153,80.41,24,2,2
2026-10-09 13:44:25,51,49,51,78,59,86,70,5,87,74,86,92,59,100,92,0,23.184,52.83,1159,81.17,24,2,2
2026-10-09 13:44:26,76,52,3,75,56,61,80,62,96,82,0,97,73,94,74,68,23.154,52.46,1173,81.93,24,2,2
2026-10-09 13:44:27,66,52,64,58,69,0,59,60,66,100,81,100,79,1,100,100,23.243,53.23,1181,82.29,24,2,2
2026-10-09 13:44:28,85,0,61,58,81,73,95,69,86,2,100,100,68,98,76,72,23.118,53.16,1184,82.65,24,2,2
2026-10-09 13:44:29,82,84,66,64,69,0,82,60,94,67,80,84,100,13,70,100,23.181,53.52,1206,83.01,24,2,2
2026-10-09 13:44:30,76,0,73,57,56,80,57,58,100,12,66,82,87,90,85,77,23.197,54.03,1215,82.96,24,2,2
2026-10-09 13:44:31,53,58,70,83,0,83,62,65,80,79,88,100,0,77,59,83,23.099,53.54,1216,82.92,24,2,2
2026-10-09 13:44:32,83,69,2,85,85,71,59,48,100,100,0,100,93,94,72,63,23.168,53.95,1224,82.88,24,2,2
2026-10-09 13:44:33,81,3,52,59,51,87,58,55,100,9,100,88,94,93,100,100,23.196,53.51,1237,82.84,24,2,2
2026-10-09 13:44:34,68,72,67,85,59,83,83,0,100,80,91,100,66,75,68,0,23.097,53.9,1252,82.8,24,2,2
2026-10-09 13:44:35,88,77,85,60,85,7,73,73,88,97,94,100,73,0,68,78,23.111,54.33,1251,82.76,24,2,2
2026-10-09 13:44:36,75,79,77,72,56,54,88,0,100,100,92,100,76,75,100,0,23.147,54.36,1258,82.72,24,2,2
2026-10-09 13:44:37,0,60,66,68,88,82,83,66,0,93,100,83,96,100,78,100,23.097,54.43,1276,82.68,24,2,2
2026-10-09 13:44:38,78,7,77,73,76,89,71,86,59,8,86,100,82,65,98,61,23.178,54.75,1281,82.63,24,2,2
2026-10-09 13:44:39,65,12,68,75,62,71,82,52,100,11,91,95,97,75,70,74,23.181,54.72,1293,82.59,24,2,2
2026-10-09 13:44:40,64,80,62,3,64,64,66,73,76,98,79,0,100,86,94,100,23.158,55.16,1301,82.55,24,2,2
2026-10-09 13:44:41,49,74,64,62,67,0,59,77,90,100,99,77,90,0,75,81,23.15,55.23,1305,82.51,24,2,2
2026-10-09 13:44:42,71,0,72,65,66,52,79,68,93,0,100,76,94,91,85,100,23.156,55.27,1321,82.47,24,2,2
2026-10-09 13:44:43,72,11,75,82,60,68,59,92,81,7,100,80,100,82,100,68,23.119,55.07,1330,82.43,24,2,2
2026-10-09 13:44:44,75,69,78,96,61,58,0,72,100,99,100,70,77,86,0,82,23.042,55.67,1339,82.39,24,2,2
2026-10-09 13:44:45,85,60,61,80,75,0,59,71,63,84,64,100,100,4,100,100,23.104,55.94,1344,82.34,24,2,2
2026-10-09 13:44:46,70,59,4,63,75,58,64,82,79,100,7,83,100,100,86,75,23.168,55.91,1355,82.3,24,2,2
2026-10-09 13:44:47,72,54,87,2,81,69,68,72,100,88,100,0,100,70,92,100,23.056,55.8,1369,82.26,24,2,2
2026-10-09 13:44:48,52,60,70,76,75,75,2,79,100,91,100,77,65,82,0,76,23.078,56.52,1371,82.22,24,2,2
2026-10-09 13:44:49,46,5,85,70,84,49,65,75,100,2,76,100,100,100,100,100,23.093,56.52,1383,82.18,24,2,2
2026-10-09 13:44:50,64,0,74,79,58,81,51,72,100,0,100,76,100,85,100,83,23.086,56.19,1382,82.14,24,2,2
2026-10-09 13:44:51,78,76,5,80,68,58,61,82,75,100,0,80,82,91,90,94,23.023,56.38,1392,82.1,24,2,2
2026-10-09 13:44:52,61,3,48,55,72,68,77,62,100,10,63,100,81,82,75,100,23.209,56.86,1412,82.06,24,2,2
2026-10-09 13:44:53,64,66,0,86,67,79,66,62,100,95,1,75,100,100,100,91,23.031,57.06,1419,82.02,24,2,2
2026-10-09 13:44:54,92,50,72,64,78,84,82,0,60,79,100,96,86,72,87,0,23.12,56.51,1404,62.09,24,2,2
2026-10-09 13:44:55,67,70,86,57,78,58,78,7,100,100,72,90,100,55,80,0,23.112,56.35,1398,42.38,24,2,2
2026-10-09 13:44:56,69,62,72,68,59,11,84,57,67,83,96,94,88,0,85,67,23.115,56.98,1389,22.9,24,2,2
2026-10-09 13:44:57,74,0,80,80,76,80,57,65,70,0,67,56,100,100,88,84,23.208,56.92,1377,3.62,24,2,2
2026-10-09 13:44:58,73,54,84,0,78,86,68,83,94,70,84,2,100,99,93,86,23.109,56.84,1364,-15.45,24,2,2
2026-10-09 13:44:59,62,77,64,67,82,60,74,3,89,100,68,70,100,78,100,0,23.204,57.08,1353,-34.32,24,2,2
2026-10-09 13:45:00,71,64,64,64,0,50,65,78,72,93,76,77,5,58,89,100,23.214,57.15,1349,-52.98,24,2,2
2026-10-09 13:45:01,78,51,91,76,48,69,0,77,100,56,85,82,98,89,0,84,23.131,56.94,1342,-71.45,24,2,2
2026-10-09 13:45:02,78,0,74,70,62,60,89,53,89,17,100,92,100,96,91,80,23.253,56.73,1328,-89.73,24,2,2
2026-10-09 13:45:03,3,63,69,76,92,76,64,43,0,100,100,79,100,78,66,97,23.164,57.0,1323,-87.94,24,2,2
2026-10-09 13:45:04,82,63,79,52,54,0,58,86,69,92,82,100,65,5,70,73,23.309,57.44,1308,-86.18,24,2,2
2026-10-09 13:45:05,89,3,62,61,81,88,62,78,100,3,100,89,93,77,55,63,23.204,57.2,1304,-84.46,24,2,2
2026-10-09 13:45:06,63,0,60,51,52,73,88,53,100,10,90,88,100,87,65,84,23.158,57.36,1289,-82.77,24,2,2
2026-10-09 13:45:07,65,1,82,80,83,73,85,70,74,6,82,100,98,74,98,71,23.238,56.94,1280,-81.11,24,2,2
2026-10-09 13:45:08,3,66,87,77,69,68,56,61,9,77,100,88,69,95,100,64,23.292,57.08,1281,-79.49,24,2,2
2026-10-09 13:45:09,64,84,73,0,80,86,84,80,64,100,96,3,100,100,74,77,23.347,57.25,1273,-77.9,24,2,2
2026-10-09 13:45:10,70,58,77,75,69,0,79,66,81,94,99,57,91,9,100,100,23.27,57.39,1270,-76.34,24,2,2
2026-10-09 13:45:11,59,75,1,49,77,70,67,70,65,88,0,91,84,86,100,100,23.196,56.66,1252,-74.81,24,2,2
2026-10-09 13:45:12,82,76,90,3,58,61,77,61,82,87,78,0,65,56,94,98,23.198,57.45,1246,-73.32,24,2,2
2026-10-09 13:45:13,61,69,82,3,65,90,50,57,100,100,100,2,61,88,93,95,23.253,57.15,1237,-71.85,24,2,2
2026-10-09 13:45:14,71,0,81,78,72,74,68,65,74,8,89,100,83,62,79,60,23.316,56.74,1229,-70.41,24,2,2
2026-10-09 13:45:15,47,62,62,56,0,71,60,62,100,98,88,100,4,100,85,100,23.286,57.0,1226,-69.01,24,2,2
2026-10-09 13:45:16,84,71,65,85,76,76,1,80,72,100,99,100,69,100,7,71,23.37,57.3,1221,-67.63,24,2,2
2026-10-09 13:45:17,54,60,73,55,76,3,74,72,71,87,88,84,100,4,74,98,23.279,57.46,1209,-66.27,24,2,2
2026-10-09 13:45:18,62,87,49,75,72,0,72,79,93,73,100,100,89,0,83,68,23.348,57.42,1201,-64.95,24,2,2
2026-10-09 13:45:19,74,3,83,85,70,78,63,56,100,3,100,93,100,100,82,76,23.321,57.18,1198,-63.65,24,2,2
2026-10-09 13:45:20,76,45,0,81,60,74,74,82,76,84,0,100,100,93,100,65,23.389,57.29,1189,-62.38,24,2,2
2026-10-09 13:45:21,84,52,75,8,59,65,77,80,100,91,100,9,84,96,85,94,23.337,57.62,1187,-61.13,24,2,2
2026-10-09 13:45:22,59,73,65,11,58,68,73,47,100,71,99,1,66,84,100,67,23.31,57.47,1183,-59.91,24,2,2
2026-10-09 13:45:23,57,59,0,50,75,65,57,46,89,100,3,64,78,94,99,75,23.409,56.93,1170,-58.71,24,2,2
2026-10-09 13:45:24,88,52,68,64,56,5,60,84,71,96,100,100,97,0,100,87,23.376,57.55,1172,-57.53,24,2,2
2026-10-09 13:45:25,60,59,5,60,73,46,65,61,100,83,0,100,100,100,53,100,23.293,57.23,1154,-56.38,24,2,2
2026-10-09 13:45:26,67,79,0,80,93,81,75,53,100,67,1,78,100,95,100,66,23.506,57.15,1158,-55.26,24,2,2
2026-10-09 13:45:27,81,56,3,51,53,75,49,52,100,100,12,67,91,69,100,84,23.493,56.9,1157,-54.15,24,2,2
2026-10-09 13:45:28,78,59,74,0,54,80,66,64,100,79,100,0,91,96,75,73,23.389,57.37,1144,-53.07,24,2,2
2026-10-09 13:45:29,70,89,65,80,63,0,75,47,72,74,95,100,68,0,100,79,23.468,57.07,1142,-52.01,24,2,2
2026-10-09 13:45:30,60,83,71,66,63,41,82,0,84,100,72,100,63,100,86,0,23.472,57.92,1134,-50.97,24,2,2
2026-10-09 13:45:32,95,62,63,61,50,67,69,0,99,100,100,91,70,87,75,0,23.401,57.34,1127,-49.95,24,2,2
2026-10-09 13:45:33,53,83,0,50,61,54,81,79,100,75,8,71,100,100,87,82,23.448,57.28,1127,-48.95,24,2,2
2026-10-09 13:45:34,81,0,61,50,50,73,79,71,88,2,71,71,100,84,73,92,23.461,57.13,1120,-47.97,24,2,2
2026-10-09 13:45:35,47,63,0,72,49,75,77,69,100,78,5,93,100,97,88,84,23.367,57.63,1118,-47.01,24,2,2
2026-10-09 13:45:36,0,49,87,81,87,77,62,77,0,96,100,98,100,68,75,96,23.402,57.11,1110,-46.07,24,2,2
2026-10-09 13:45:37,88,0,68,51,42,56,71,82,70,8,80,100,100,95,72,52,23.472,57.55,1106,-45.15,24,2,2
2026-10-09 13:45:38,82,62,54,83,67,71,0,69,56,100,100,94,55,77,9,58,23.449,57.39,1104,-44.24,24,2,2
2026-10-09 13:45:39,71,78,55,0,86,60,54,84,100,62,77,0,86,100,100,69,23.485,57.03,1098,-43.36,24,2,2
2026-10-09 13:45:40,79,77,65,0,89,67,70,76,83,87,56,0,95,84,79,93,23.562,57.21,1090,-42.49,24,2,2
2026-10-09 13:45:41,52,82,85,71,94,69,2,76,100,100,100,78,100,78,0,100,23.449,57.13,1093,-41.64,24,2,2
2026-10-09 13:45:42,53,73,48,0,74,55,79,82,100,100,81,9,100,83,96,65,23.533,57.64,1084,-40.81,24,2,2
2026-10-09 13:45:43,54,63,68,1,78,73,76,49,71,89,82,0,75,100,100,76,23.548,56.96,1081,-39.99,24,2,2
2026-10-09 13:45:44,67,67,87,0,53,47,52,50,100,66,70,2,95,73,100,76,23.626,57.61,1075,-39.19,24,2,2
2026-10-09 13:45:45,74,64,69,54,55,4,79,78,91,86,75,100,70,0,71,94,23.526,58.25,1073,-38.41,24,2,2
2026-10-09 13:45:46,72,86,86,65,49,84,65,0,100,93,100,78,92,68,82,4,23.55,57.08,1069,-37.64,24,2,2
2026-10-09 13:45:47,55,71,0,73,58,83,58,51,66,100,4,100,90,100,83,81,23.66,58.29,1062,-36.89,24,2,2
2026-10-09 13:45:48,69,72,0,65,75,83,58,77,100,99,0,96,85,100,92,100,23.622,57.9,1059,-36.15,24,2,2
2026-10-09 13:45:49,2,82,75,68,68,54,54,60,0,86,100,91,100,82,66,78,23.532,57.77,1053,-35.83,23,2,2
2026-10-09 13:45:50,88,66,0,78,63,74,67,58,80,99,7,99,70,78,73,83,23.567,57.45,1055,-35.51,23,2,2
2026-10-09 13:45:51,64,52,92,0,69,74,53,45,70,63,99,0,79,87,87,57,23.539,57.26,1050,-35.2,23,2,2
2026-10-09 13:45:52,0,61,73,83,62,59,73,0,10,70,91,100,71,71,78,0,23.503,57.38,1040,-35.3,22,2,2
2026-10-09 13:45:53,50,76,7,3,58,52,81,79,100,98,0,0,79,61,99,100,23.6,57.99,1038,-35.39,22,2,2
2026-10-09 13:45:54,81,47,0,61,79,0,76,74,66,81,0,88,58,0,54,76,23.582,57.75,1041,-35.48,22,2,2
2026-10-09 13:45:55,55,45,72,4,8,74,64,71,89,66,63,0,0,100,85,91,23.61,57.59,1035,-35.97,21,2,2
2026-10-09 13:45:56,81,67,0,0,77,50,65,51,79,54,0,12,77,100,78,97,23.606,57.61,1030,-36.45,21,2,2
2026-10-09 13:45:57,69,0,57,0,61,48,60,69,59,0,60,8,69,100,68,52,23.653,57.48,1023,-36.93,21,2,2
2026-10-09 13:45:58,69,49,0,0,47,57,69,38,92,78,0,0,70,67,85,86,23.597,57.91,1017,-37.39,20,2,2
2026-10-09 13:45:59,65,52,67,48,54,0,1,71,100,93,100,100,54,12,0,100,23.532,57.47,1014,-37.84,20,2,2
2026-10-09 13:46:00,65,77,50,6,59,54,67,2,70,76,93,0,88,77,86,14,23.637,57.67,1004,-38.28,20,2,2
2026-10-09 13:46:01,44,50,62,1,49,64,7,46,61,78,75,0,69,64,5,80,23.675,57.18,1004,-38.72,19,2,2
2026-10-09 13:46:02,0,46,72,75,62,40,57,2,0,100,92,67,77,74,96,0,23.659,57.03,1000,-39.14,19,2,2
2026-10-09 13:46:03,41,72,71,7,46,76,57,0,83,48,92,9,65,87,69,0,23.678,57.84,997,-39.56,19,2,2
2026-10-09 13:46:04,62,72,0,78,63,0,75,2,83,82,4,87,92,8,85,0,23.599,57.09,996,-39.97,18,2,2
2026-10-09 13:46:05,0,60,56,0,42,8,78,63,7,80,68,0,74,0,85,91,23.661,57.4,985,-40.37,18,2,2
2026-10-09 13:46:06,67,2,55,68,45,49,0,8,98,4,51,61,97,80,8,0,23.619,57.26,984,-40.76,18,2,2
2026-10-09 13:46:07,60,57,42,52,0,0,75,6,100,87,77,100,6,0,80,12,23.672,57.51,976,-41.15,17,2,2
2026-10-09 13:46:08,63,2,78,37,74,0,0,51,49,8,67,74,90,0,8,95,23.736,57.33,973,-41.52,17,2,2
2026-10-09 13:46:09,60,54,0,1,59,46,74,3,61,100,12,1,69,73,66,0,23.743,57.86,971,-41.89,17,2,2
2026-10-09 13:46:10,1,61,36,50,49,0,0,51,0,58,68,48,66,0,12,63,23.644,57.32,969,-31.15,16,2,2
2026-10-09 13:46:11,58,73,0,0,5,40,74,64,60,49,7,0,0,80,70,72,23.64,56.88,974,-31.73,16,2,2
2026-10-09 13:46:12,40,0,67,0,55,42,0,59,88,0,69,11,93,81,7,99,23.707,56.76,978,-21.18,16,2,2
2026-10-09 13:46:13,57,0,50,46,57,42,11,0,100,4,100,70,88,63,0,8,23.665,57.23,986,-10.71,15,2,2
2026-10-09 13:46:14,64,57,71,51,3,0,3,44,78,73,70,93,3,0,0,58,23.671,57.62,977,-11.7,15,2,2
2026-10-09 13:46:15,44,63,5,0,44,61,32,2,53,77,7,3,81,67,46,0,23.672,56.7,984,-1.42,15,2,2
2026-10-09 13:46:16,1,43,0,61,52,3,65,5,0,92,13,54,68,0,99,3,23.679,57.13,978,-2.59,14,2,2
2026-10-09 13:46:17,2,1,51,45,1,0,64,50,4,6,57,100,5,0,87,73,23.757,57.5,981,7.49,14,2,2
2026-10-09 13:46:18,56,62,1,39,63,5,5,0,100,65,0,100,64,9,2,0,23.644,56.8,988,17.48,14,2,2
2026-10-09 13:46:19,31,0,87,48,0,44,0,0,68,6,62,74,2,61,2,4,23.647,56.88,975,4.83,13,2,2
2026-10-09 13:46:20,3,0,40,63,8,4,41,56,0,0,57,68,2,0,60,92,23.686,56.92,990,14.85,13,2,2
2026-10-09 13:46:21,41,58,2,0,61,0,66,0,47,62,0,0,80,0,92,0,23.639,56.62,980,2.23,13,2,2
2026-10-09 13:46:22,37,5,63,57,0,48,0,0,88,1,62,41,0,46,0,1,23.714,57.12,989,1.03,12,2,2
2026-10-09 13:46:23,26,53,0,0,32,0,0,61,76,100,0,6,76,0,0,91,23.568,56.51,984,11.18,12,2,2
2026-10-09 13:46:24,68,2,59,0,9,0,65,66,51,15,55,4,6,0,87,94,23.59,56.96,980,-1.48,12,2,2
2026-10-09 13:46:25,57,0,0,4,41,31,4,0,50,0,3,8,85,68,0,4,23.569,56.69,984,8.67,11,2,2
2026-10-09 13:46:26,0,0,50,0,0,32,54,3,0,22,58,0,0,93,93,0,23.57,57.01,977,-3.94,11,2,2
2026-10-09 13:46:27,0,0,0,49,0,43,0,43,6,8,0,50,3,80,0,33,23.539,56.4,982,-5.14,11,2,2
2026-10-09 13:46:28,70,0,55,6,1,0,0,52,79,0,71,0,5,0,0,50,23.63,56.86,987,5.11,10,2,2
2026-10-09 13:46:29,34,0,37,0,0,6,0,50,57,0,37,0,0,18,0,71,23.537,56.93,981,-7.51,10,2,2
2026-10-09 13:46:30,49,3,2,4,49,0,52,0,48,0,0,0,56,0,82,0,23.69,56.38,979,2.7,10,2,2
2026-10-09 13:46:31,3,2,51,69,3,3,7,55,7,0,88,67,20,6,0,86,23.545,56.58,980,-9.43,10,2,2
2026-10-09 13:46:32,42,0,54,0,52,1,0,8,85,6,42,0,62,1,19,0,23.607,56.47,978,-10.23,10,2,2
2026-10-09 13:46:33,2,52,57,42,0,3,0,0,9,35,66,87,1,0,0,5,23.583,56.78,984,0.44,10,2,2
2026-10-09 13:46:34,56,41,4,0,0,30,4,0,87,58,13,0,10,71,11,0,23.558,56.45,972,-11.3,10,2,2
2026-10-09 13:46:35,46,9,0,40,47,0,0,6,70,4,0,57,69,0,1,2,23.516,56.39,974,-0.29,10,2,2
2026-10-09 13:46:36,0,2,6,24,59,0,36,0,0,12,0,50,58,1,57,0,23.627,56.25,968,-11.94,10,2,2
2026-10-09 13:46:37,6,0,46,62,0,3,0,36,5,0,58,50,0,9,7,100,23.539,56.13,976,-11.94,10,2,2
2026-10-09 13:46:38,1,45,62,0,0,67,0,0,0,51,86,0,0,91,0,0,23.552,56.65,967,-11.7,10,2,2
2026-10-09 13:46:39,0,35,1,40,3,1,34,0,0,77,0,51,0,0,52,0,23.532,55.91,959,-22.73,10,2,2
2026-10-09 13:46:40,66,3,54,0,12,0,0,45,55,0,62,0,9,0,0,91,23.511,56.16,957,-11.38,10,2,2
2026-10-09 13:46:41,0,7,48,38,9,64,0,1,0,10,92,38,1,85,0,0,23.486,55.45,950,-22.34,10,2,2
2026-10-09 13:46:42,0,9,64,0,2,27,52,0,0,3,71,0,20,79,47,0,23.57,56.15,957,-22.33,10,2,2
2026-10-09 13:46:43,0,0,45,52,0,63,0,0,0,11,68,64,0,71,0,0,23.542,55.76,947,-21.88,10,2,2
2026-10-09 13:46:44,6,6,0,72,0,0,46,37,4,1,5,84,1,4,67,49,23.591,55.74,944,-32.63,10,2,2
2026-10-09 13:46:45,39,44,0,6,49,3,0,2,59,75,0,0,85,0,0,7,23.557,55.64,951,-21.36,10,2,2
2026-10-09 13:46:46,37,27,1,0,0,0,0,46,55,85,0,0,0,0,0,73,23.449,56.18,945,-32.04,10,2,2
2026-10-09 13:46:47,59,5,45,0,0,46,11,0,49,0,87,0,0,58,0,8,23.53,55.66,947,-20.84,10,2,2
2026-10-09 13:46:48,60,6,0,0,30,0,70,8,100,0,0,7,62,1,54,2,23.482,55.63,938,-20.42,10,2,2
2026-10-09 13:46:49,0,0,40,35,0,38,9,0,0,1,90,34,2,78,5,17,23.613,55.33,929,-30.91,10,2,2
2026-10-09 13:46:50,0,42,44,60,3,0,0,0,0,53,98,77,6,6,13,0,23.611,55.71,924,-30.29,10,2,2
2026-10-09 13:46:51,0,3,4,66,0,35,47,0,0,0,0,94,0,71,65,8,23.455,55.22,929,-30.27,10,2,2
2026-10-09 13:46:52,0,71,0,0,10,40,58,6,0,70,0,9,0,39,82,0,23.538,55.31,934,-19.36,10,2,2
2026-10-09 13:46:53,0,5,2,58,7,0,61,59,0,0,3,88,0,5,94,42,23.608,55.48,934,-8.6,10,2,2
2026-10-09 13:46:54,62,36,4,62,0,0,2,0,73,36,0,94,3,0,14,8,23.558,55.45,938,-8.59,10,2,2
2026-10-09 13:46:55,47,0,7,52,0,62,0,7,72,5,0,75,0,80,0,1,23.422,55.06,948,2.1,10,2,2
2026-10-09 13:46:56,29,35,6,33,0,0,0,0,81,53,10,48,0,0,13,0,23.478,55.33,951,2.1,10,2,2
2026-10-09 13:46:57,0,9,26,38,51,0,0,0,2,0,61,54,60,4,0,11,23.482,56.0,948,12.73,10,2,2
2026-10-09 13:46:58,35,4,56,0,0,2,53,4,82,2,45,0,0,0,65,8,23.442,55.01,955,23.22,10,2,2
2026-10-09 13:46:59,43,5,55,34,0,0,0,1,76,2,81,60,2,0,0,3,23.483,55.76,955,33.57,10,2,2
2026-10-09 13:47:00,8,0,0,48,45,0,4,56,4,0,0,57,37,9,5,55,23.413,56.05,960,33.55,10,2,2
2026-10-09 13:47:01,60,65,1,0,0,0,34,0,76,77,5,0,3,0,90,1,23.398,54.95,971,33.54,10,2,2
2026-10-09 13:47:02,42,46,40,3,0,0,4,8,83,95,76,0,0,0,3,12,23.291,55.63,969,33.52,10,2,2
2026-10-09 13:47:03,19,50,38,0,1,0,0,0,67,49,68,0,0,0,0,0,23.333,55.63,974,33.5,10,2,2
2026-10-09 13:47:04,62,61,45,2,9,0,10,3,72,84,45,0,3,5,1,9,23.263,54.78,970,33.49,10,2,2
2026-10-09 13:47:05,52,41,65,0,6,0,0,0,61,89,49,0,9,6,12,2,23.391,55.51,973,33.47,10,2,2
2026-10-09 13:47:06,50,36,50,1,3,11,0,6,88,49,79,12,0,9,0,3,23.423,55.86,983,33.45,10,2,2
2026-10-09 13:47:07,61,62,51,5,0,0,0,0,79,47,81,0,7,0,1,5,23.384,55.42,983,33.44,10,2,2
2026-10-09 13:47:08,61,29,54,2,0,0,0,0,80,97,63,0,0,0,4,0,23.442,55.27,995,33.42,10,2,2
2026-10-09 13:47:09,68,64,30,0,4,0,2,0,87,94,68,0,0,0,0,10,23.405,55.75,995,33.4,10,2,2
2026-10-09 13:47:10,30,70,64,0,0,0,0,0,85,83,88,10,8,0,0,0,23.386,55.67,996,33.39,10,2,2
2026-10-09 13:47:11,24,61,34,0,0,0,1,0,100,69,76,0,2,8,4,0,23.336,55.62,1005,33.37,10,2,2
2026-10-09 13:47:12,58,50,49,0,2,0,0,0,84,43,67,0,7,0,6,0,23.372,55.67,1005,33.35,10,2,2
2026-10-09 13:47:13,70,45,47,3,1,0,0,0,33,69,70,0,4,2,0,1,23.311,55.31,1019,33.34,10,2,2
2026-10-09 13:47:14,57,45,66,0,0,0,0,2,47,61,71,20,0,0,0,0,23.307,55.54,1016,33.32,10,2,2
2026-10-09 13:47:15,66,48,44,2,0,5,0,0,80,95,58,0,0,0,6,3,23.265,55.69,1011,33.3,10,2,2
2026-10-09 13:47:16,45,40,34,0,2,0,0,8,83,80,60,9,0,0,16,1,23.334,55.37,1019,33.29,10,2,2
2026-10-09 13:47:17,49,32,43,9,0,3,0,1,56,81,59,0,0,0,9,5,23.241,55.14,1022,33.27,10,2,2
2026-10-09 13:47:18,37,52,54,0,0,3,0,2,75,58,59,0,0,0,6,0,23.245,55.58,1027,33.25,10,2,2
2026-10-09 13:47:19,50,58,61,0,1,0,9,1,94,68,100,0,0,0,9,0,23.282,54.97,1031,33.24,10,2,2
2026-10-09 13:47:20,54,31,52,0,8,0,0,5,58,56,86,0,7,0,0,7,23.281,55.41,1035,33.22,10,2,2
2026-10-09 13:47:21,37,52,57,3,0,2,0,0,55,80,94,15,8,4,0,1,23.183,55.61,1038,33.2,10,2,2
2026-10-09 13:47:22,60,32,57,6,0,0,0,0,67,86,68,9,4,5,3,0,23.299,55.54,1045,33.59,11,2,2
2026-10-09 13:47:23,38,27,53,1,0,0,0,0,88,60,38,0,18,0,1,12,23.362,55.19,1045,33.97,11,2,2
2026-10-09 13:47:24,35,32,41,0,10,1,1,0,67,45,78,0,0,0,0,0,23.184,55.61,1054,34.35,11,2,2
2026-10-09 13:47:25,37,44,60,5,2,4,2,0,57,75,43,0,0,0,0,0,23.179,55.06,1055,34.34,10,2,2
2026-10-09 13:47:26,63,38,34,0,0,3,0,0,62,88,92,5,0,0,1,5,23.119,54.78,1061,34.32,10,2,2
2026-10-09 13:47:27,70,37,53,0,0,0,0,0,51,87,59,2,0,3,0,0,23.197,55.3,1060,34.3,10,2,2
2026-10-09 13:47:28,57,43,40,1,0,0,1,0,84,92,63,3,5,6,13,1,23.219,55.1,1067,33.88,9,2,2
2026-10-09 13:47:29,44,63,56,1,2,6,0,7,69,87,62,12,0,5,0,0,23.215,55.32,1067,33.47,9,2,2
2026-10-09 13:47:30,30,34,48,0,1,0,2,0,95,73,63,1,0,13,9,0,23.127,55.02,1072,33.05,9,2,2
2026-10-09 13:47:31,29,57,46,0,3,0,0,0,76,59,88,0,13,0,3,1,23.202,55.5,1077,31.83,8,1,1
2026-10-09 13:47:32,37,49,34,2,3,4,0,1,69,62,70,0,15,1,0,0,23.159,55.3,1076,30.62,8,1,1
2026-10-09 13:47:33,39,47,25,0,3,1,0,5,71,37,49,21,16,0,3,0,23.166,55.44,1086,29.4,8,1,1
2026-10-09 13:47:34,43,34,7,10,0,7,3,4,58,90,5,3,0,0,6,8,23.108,55.43,1091,28.19,7,1,1
2026-10-09 13:47:35,27,22,1,0,0,0,0,3,84,73,0,0,0,1,0,0,23.199,55.42,1087,26.97,7,1,1
2026-10-09 13:47:36,38,50,0,4,0,8,0,0,58,37,0,23,0,1,0,5,23.107,55.55,1086,25.76,7,1,1
2026-10-09 13:47:37,39,56,0,0,6,6,0,0,46,45,2,0,1,10,0,0,23.174,55.62,1092,24.55,6,1,1
2026-10-09 13:47:38,39,23,6,4,0,0,0,0,78,78,26,0,15,14,7,2,23.157,55.81,1089,23.34,6,1,1
2026-10-09 13:47:39,50,16,0,12,0,9,6,0,78,53,0,0,2,3,0,0,23.145,55.41,1098,22.12,6,1,1
2026-10-09 13:47:40,19,55,0,4,5,0,0,6,47,72,3,0,0,0,0,0,23.064,55.73,1097,20.91,5,1,1
2026-10-09 13:47:41,53,19,0,0,6,0,0,4,31,25,0,9,8,12,13,0,23.128,55.52,1096,19.7,5,1,1
2026-10-09 13:47:42,29,31,2,0,10,0,3,5,66,89,5,0,0,0,16,0,23.165,55.94,1101,18.49,5,1,1
2026-10-09 13:47:43,37,55,2,0,0,2,0,3,91,72,0,13,2,0,0,5,23.194,55.42,1099,17.68,5,1,1
2026-10-09 13:47:44,56,54,0,0,5,1,0,0,84,67,0,1,9,3,0,0,23.133,55.74,1103,16.87,5,1,1
2026-10-09 13:47:45,25,30,0,0,4,0,0,0,80,73,2,0,0,0,5,0,23.19,56.02,1106,16.07,5,1,1
2026-10-09 13:47:46,57,54,3,3,0,4,0,0,65,67,9,7,3,0,20,2,23.192,55.69,1106,15.66,5,1,1
2026-10-09 13:47:47,35,56,9,1,1,9,1,0,82,70,5,0,0,0,0,8,23.119,55.58,1105,15.25,5,1,1
2026-10-09 13:47:48,58,46,0,0,0,0,0,10,35,60,0,1,0,0,13,0,23.146,55.51,1108,14.84,5,1,1
2026-10-09 13:47:49,51,21,0,0,6,0,0,0,44,84,0,9,6,9,13,0,23.213,56.04,1108,14.84,5,1,1
2026-10-09 13:47:50,31,36,1,4,1,5,0,3,60,34,0,0,0,1,0,0,23.1,55.74,1109,14.83,5,1,1
2026-10-09 13:47:51,25,43,7,0,4,0,0,9,40,49,0,5,4,0,0,0,23.075,55.61,1114,14.82,5,1,1
2026-10-09 13:47:52,37,56,0,0,0,0,2,1,69,69,0,0,0,10,10,6,23.213,55.42,1119,14.81,5,1,1
2026-10-09 13:47:53,45,40,2,0,0,3,0,2,49,64,15,1,0,15,0,0,23.168,55.54,1119,14.81,5,1,1
2026-10-09 13:47:54,37,45,0,5,0,0,0,0,62,47,2,6,2,0,9,11,23.151,56.11,1119,14.8,5,1,1
2026-10-09 13:47:55,25,29,0,2,0,0,1,1,80,84,0,0,0,0,0,0,23.165,55.37,1123,14.79,5,1,1
2026-10-09 13:47:56,35,33,0,0,0,0,5,0,31,100,0,6,0,2,0,3,23.201,55.98,1128,14.78,5,1,1
2026-10-09 13:47:57,19,21,6,0,0,0,7,5,100,85,0,1,0,5,0,0,23.1,55.83,1126,14.78,5,1,1
2026-10-09 13:47:58,38,39,0,0,1,2,0,7,39,35,0,0,1,0,0,6,23.155,55.74,1129,14.77,5,1,1
2026-10-09 13:47:59,39,30,6,0,4,0,4,5,83,40,0,4,0,0,14,0,23.084,55.48,1125,14.76,5,1,1
2026-10-09 13:48:00,27,15,1,4,0,2,6,0,88,33,0,0,0,6,1,0,23.123,55.28,1127,14.75,5,1,1
2026-10-09 13:48:01,32,46,0,7,6,0,3,0,30,63,0,0,0,0,9,0,23.125,55.18,1127,14.75,5,1,1
2026-10-09 13:48:02,45,46,4,5,0,2,0,1,44,24,2,0,0,0,10,1,23.17,55.75,1138,14.74,5,1,1
2026-10-09 13:48:03,47,37,1,1,4,0,0,1,64,81,0,14,3,0,0,10,23.083,55.66,1131,14.73,5,1,1
2026-10-09 13:48:04,55,52,2,0,2,0,0,0,73,57,15,0,4,1,0,1,23.083,55.46,1137,14.72,5,1,1
2026-10-09 13:48:05,33,24,0,8,1,0,0,0,66,53,0,2,0,2,6,0,22.993,55.47,1133,14.72,5,1,1
2026-10-09 13:48:06,52,58,0,6,0,12,5,4,30,59,0,1,0,7,4,4,23.112,55.8,1122,0.33,5,1,1
2026-10-09 13:48:07,33,58,0,3,0,0,0,0,59,66,5,0,7,7,1,1,23.062,55.58,1124,0.33,5,1,1
2026-10-09 13:48:08,34,28,0,9,4,0,7,0,72,63,0,3,0,10,0,0,23.052,55.46,1113,-13.84,5,1,1
2026-10-09 13:48:09,53,39,1,0,9,0,0,0,48,52,0,7,7,12,0,0,23.104,55.7,1118,-13.84,5,1,1
2026-10-09 13:48:10,46,57,1,3,0,3,4,0,47,65,0,1,0,5,12,12,23.084,54.78,1118,-13.83,5,1,1
2026-10-09 13:48:11,24,40,0,0,0,0,5,4,77,54,0,5,4,0,0,0,23.15,55.5,1100,-27.81,5,1,1
2026-10-09 13:48:12,46,40,0,0,3,0,0,0,44,54,0,0,9,0,0,0,23.119,55.55,1114,-27.8,5,1,1
2026-10-09 13:48:13,43,43,0,0,0,0,3,0,63,52,0,3,9,0,0,8,23.096,55.13,1095,-41.56,5,1,1
2026-10-09 13:48:14,43,28,2,0,0,0,6,0,45,66,12,0,0,6,0,1,23.14,55.38,1098,-41.54,5,1,1
2026-10-09 13:48:15,40,38,0,0,1,3,0,0,72,70,3,0,0,12,6,19,23.108,54.78,1093,-27.13,5,1,1
2026-10-09 13:48:16,55,36,0,0,0,0,0,0,69,51,0,7,0,7,6,14,23.1,55.12,1087,-40.73,5,1,1
2026-10-09 13:48:17,59,55,0,4,0,3,1,1,71,67,8,16,0,5,0,4,23.21,55.23,1089,-26.54,5,1,1
2026-10-09 13:48:18,33,25,0,0,3,0,0,0,59,65,0,0,0,12,3,0,23.095,55.29,1078,-39.93,5,1,1
2026-10-09 13:48:19,32,40,0,0,0,5,0,2,85,52,0,0,0,3,0,7,23.124,55.06,1079,-39.91,5,1,1
2026-10-09 13:48:20,31,25,4,0,2,7,5,0,74,56,0,1,1,0,1,9,23.168,54.94,1062,-39.11,5,1,1
2026-10-09 13:48:21,66,20,0,0,4,2,0,1,91,67,0,10,0,14,2,0,23.132,54.84,1055,-52.08,5,1,1
2026-10-09 13:48:22,24,40,0,0,2,0,0,0,53,75,0,10,0,16,1,0,23.144,54.49,1055,-38.27,5,1,1
2026-10-09 13:48:23,28,34,1,0,2,1,0,2,46,85,0,1,0,0,0,5,23.191,54.14,1042,-51.05,5,1,1
2026-10-09 13:48:24,50,54,0,4,0,0,1,0,71,53,0,1,4,0,0,0,23.11,54.35,1046,-51.02,5,1,1
2026-10-09 13:48:25,47,33,3,0,0,0,0,0,61,66,0,0,0,0,0,0,23.162,53.93,1040,-50.0,5,1,1
2026-10-09 13:48:26,50,46,7,3,0,6,3,0,90,63,0,0,6,5,5,0,23.183,54.49,1025,-62.38,5,1,1
2026-10-09 13:48:27,58,37,0,1,0,0,0,2,77,49,3,0,1,5,11,15,23.166,54.46,1030,-48.94,5,1,1
2026-10-09 13:48:28,19,37,0,6,4,0,0,0,55,89,0,0,0,11,0,3,23.095,53.97,1016,-61.14,5,1,1
2026-10-09 13:48:29,47,45,5,5,0,6,0,0,70,39,0,0,0,6,10,11,23.133,54.47,1022,-47.9,5,1,1
2026-10-09 13:48:30,25,53,0,0,5,9,0,5,70,19,3,0,0,4,19,0,23.263,54.53,1009,-46.94,5,1,1
2026-10-09 13:48:31,30,37,0,0,0,3,4,0,81,64,10,0,3,0,0,0,23.167,54.17,998,-58.77,5,1,1
2026-10-09 13:48:32,48,51,0,0,1,0,0,2,97,81,0,0,0,0,0,0,23.159,54.3,999,-45.94,5,1,1
2026-10-09 13:48:33,36,32,3,2,0,0,1,1,64,45,0,5,7,6,0,1,23.088,54.37,994,-57.6,5,1,1
2026-10-09 13:48:34,55,38,0,2,12,0,4,0,69,83,17,15,7,0,0,12,23.122,53.86,992,-44.96,5,1,1
2026-10-09 13:48:35,30,43,3,0,0,0,0,3,44,67,7,0,0,0,5,16,23.114,53.8,977,-44.06,5,1,1
2026-10-09 13:48:36,33,11,0,8,8,0,0,0,80,60,6,0,0,0,0,4,23.189,54.08,974,-55.37,5,1,1
2026-10-09 13:48:37,32,49,0,0,3,0,1,0,72,35,11,8,0,0,15,9,23.076,53.88,974,-43.12,5,1,1
2026-10-09 13:48:38,20,26,0,0,0,0,3,0,58,62,8,3,8,0,3,9,23.163,53.66,968,-54.27,5,1,1
2026-10-09 13:48:39,38,62,0,0,2,0,0,5,59,60,1,0,0,1,8,2,23.136,53.93,959,-42.2,5,1,1
2026-10-09 13:48:40,29,39,0,0,3,6,0,0,87,58,0,1,1,11,0,0,23.21,53.5,959,-41.35,5,1,1
2026-10-09 13:48:41,59,50,0,0,8,4,0,1,36,35,0,2,9,0,21,0,23.23,53.5,945,-52.18,5,1,1
2026-10-09 13:48:42,51,42,0,1,0,1,0,4,71,42,0,0,1,10,0,0,23.054,54.05,945,-40.47,5,1,1
2026-10-09 13:48:43,37,42,0,0,3,0,0,0,73,41,0,0,0,0,12,5,23.24,53.64,938,-51.15,5,1,1
2026-10-09 13:48:44,27,60,0,0,11,0,0,0,68,84,2,5,0,8,3,8,23.166,53.54,936,-39.6,5,1,1
